prime_mover_code,vintage_class,aero_derivative,vom_per_mwh,vom_per_mwh_low,vom_per_mwh_high,vom_usd_year,startup_cost_cold_p50_per_mw,startup_cost_cold_p25_per_mw,startup_cost_cold_p75_per_mw,startup_cost_warm_p50_per_mw,startup_cost_warm_p25_per_mw,startup_cost_warm_p75_per_mw,startup_cost_hot_p50_per_mw,startup_cost_hot_p25_per_mw,startup_cost_hot_p75_per_mw,startup_cost_usd_year,startup_fuel_cold_mmbtu_per_mw,startup_fuel_warm_mmbtu_per_mw,startup_fuel_hot_mmbtu_per_mw,min_up_hr,min_down_hr,hot_start_time_hr,warm_start_time_hr,cold_start_time_hr,ramp_rate_pct_per_min,confidence_vom,confidence_startup_cost,confidence_startup_fuel,confidence_min_up_down,confidence_start_time,confidence_ramp,primary_source_label,assumption_vintage,notes
CT,<2000,False,1.02,1.02,,2011,79.0,46.0,101.0,55.0,32.0,93.0,35.0,28.0,56.0,2011,0.24,0.2,0.19,6.0,8.0,3.0,6.0,8.0,4.0,MEDIUM,MEDIUM,HIGH,LOW,MEDIUM,LOW,ATB 2024 Moderate (VOM) + Kumar 2012 (startup cost & fuel) + Siemens via CCJ (start time),ATB 2024 v3 / Kumar 2012 / EIA AEO 2026 EMM,Pre-F-class and early F-class. Kumar values applied across vintages (no split). Older steam-bottoming slower ramp. Industry-typical min up/down.
CT,2000-2010,False,2.17,1.02,,2022,79.0,46.0,101.0,55.0,32.0,93.0,35.0,28.0,56.0,2011,0.24,0.2,0.19,4.0,6.0,3.0,6.0,8.0,5.0,HIGH,HIGH,HIGH,LOW,MEDIUM,HIGH,ATB 2024 Moderate (VOM) + Kumar 2012 (startup cost & fuel) + Siemens via CCJ (start time),ATB 2024 v3 / Kumar 2012 / EIA AEO 2026 EMM,"Pilot cell — F-class CCGT-block CTs, gas-build boom. ATB 2024 F-Frame 2x1 row 256. Cross-checked Kumar (low) and EIA AEO 2026 (does not model F-class)."
CT,2010-2020,False,2.16,,3.49,2022,79.0,46.0,101.0,55.0,32.0,93.0,35.0,28.0,56.0,2011,0.24,0.2,0.19,3.0,4.0,0.5,1.5,4.0,5.0,HIGH,MEDIUM,HIGH,LOW,MEDIUM,HIGH,ATB 2024 Moderate (VOM) + Kumar 2012 (startup cost & fuel) + Siemens via CCJ (start time),ATB 2024 v3 / Kumar 2012 / EIA AEO 2026 EMM,H-class beginnings. ATB 2024 H-Frame 2x1 row 262. EIA AEO 2026 single-shaft 1x1x1 = $3.49/MWh. Siemens SGT5-8000H 35 MW/min startup gradient.
CT,2020+,False,1.95,,3.49,2022,79.0,46.0,101.0,55.0,32.0,93.0,35.0,28.0,56.0,2011,0.24,0.2,0.19,2.0,2.0,0.3,1.0,3.0,5.0,MEDIUM,LOW,HIGH,LOW,LOW,HIGH,ATB 2024 Moderate (VOM) + Kumar 2012 (startup cost & fuel) + Siemens via CCJ (start time),ATB 2024 v3 / Kumar 2012 / EIA AEO 2026 EMM,ATB 2024 Advanced scenario as proxy. Kumar predates fleet-scale H-class. Vendor specs for H-class fast-start. Validation pending CEMS data.
CA,<2000,False,1.02,1.02,,2011,79.0,46.0,101.0,55.0,32.0,93.0,35.0,28.0,56.0,2011,0.24,0.2,0.19,6.0,8.0,3.0,6.0,8.0,4.0,MEDIUM,MEDIUM,HIGH,LOW,MEDIUM,LOW,ATB 2024 Moderate (VOM) + Kumar 2012 (startup cost & fuel) + Siemens via CCJ (start time),ATB 2024 v3 / Kumar 2012 / EIA AEO 2026 EMM,Pre-F-class and early F-class. Kumar values applied across vintages (no split). Older steam-bottoming slower ramp. Industry-typical min up/down.
CA,2000-2010,False,2.17,1.02,,2022,79.0,46.0,101.0,55.0,32.0,93.0,35.0,28.0,56.0,2011,0.24,0.2,0.19,4.0,6.0,3.0,6.0,8.0,5.0,HIGH,HIGH,HIGH,LOW,MEDIUM,HIGH,ATB 2024 Moderate (VOM) + Kumar 2012 (startup cost & fuel) + Siemens via CCJ (start time),ATB 2024 v3 / Kumar 2012 / EIA AEO 2026 EMM,"Pilot cell — F-class CCGT-block CTs, gas-build boom. ATB 2024 F-Frame 2x1 row 256. Cross-checked Kumar (low) and EIA AEO 2026 (does not model F-class)."
CA,2010-2020,False,2.16,,3.49,2022,79.0,46.0,101.0,55.0,32.0,93.0,35.0,28.0,56.0,2011,0.24,0.2,0.19,3.0,4.0,0.5,1.5,4.0,5.0,HIGH,MEDIUM,HIGH,LOW,MEDIUM,HIGH,ATB 2024 Moderate (VOM) + Kumar 2012 (startup cost & fuel) + Siemens via CCJ (start time),ATB 2024 v3 / Kumar 2012 / EIA AEO 2026 EMM,H-class beginnings. ATB 2024 H-Frame 2x1 row 262. EIA AEO 2026 single-shaft 1x1x1 = $3.49/MWh. Siemens SGT5-8000H 35 MW/min startup gradient.
CA,2020+,False,1.95,,3.49,2022,79.0,46.0,101.0,55.0,32.0,93.0,35.0,28.0,56.0,2011,0.24,0.2,0.19,2.0,2.0,0.3,1.0,3.0,5.0,MEDIUM,LOW,HIGH,LOW,LOW,HIGH,ATB 2024 Moderate (VOM) + Kumar 2012 (startup cost & fuel) + Siemens via CCJ (start time),ATB 2024 v3 / Kumar 2012 / EIA AEO 2026 EMM,ATB 2024 Advanced scenario as proxy. Kumar predates fleet-scale H-class. Vendor specs for H-class fast-start. Validation pending CEMS data.
CC,<2000,False,1.02,1.02,,2011,79.0,46.0,101.0,55.0,32.0,93.0,35.0,28.0,56.0,2011,0.24,0.2,0.19,6.0,8.0,3.0,6.0,8.0,4.0,MEDIUM,MEDIUM,HIGH,LOW,MEDIUM,LOW,ATB 2024 Moderate (VOM) + Kumar 2012 (startup cost & fuel) + Siemens via CCJ (start time),ATB 2024 v3 / Kumar 2012 / EIA AEO 2026 EMM,Pre-F-class and early F-class. Kumar values applied across vintages (no split). Older steam-bottoming slower ramp. Industry-typical min up/down.
CC,2000-2010,False,2.17,1.02,,2022,79.0,46.0,101.0,55.0,32.0,93.0,35.0,28.0,56.0,2011,0.24,0.2,0.19,4.0,6.0,3.0,6.0,8.0,5.0,HIGH,HIGH,HIGH,LOW,MEDIUM,HIGH,ATB 2024 Moderate (VOM) + Kumar 2012 (startup cost & fuel) + Siemens via CCJ (start time),ATB 2024 v3 / Kumar 2012 / EIA AEO 2026 EMM,"Pilot cell — F-class CCGT-block CTs, gas-build boom. ATB 2024 F-Frame 2x1 row 256. Cross-checked Kumar (low) and EIA AEO 2026 (does not model F-class)."
CC,2010-2020,False,2.16,,3.49,2022,79.0,46.0,101.0,55.0,32.0,93.0,35.0,28.0,56.0,2011,0.24,0.2,0.19,3.0,4.0,0.5,1.5,4.0,5.0,HIGH,MEDIUM,HIGH,LOW,MEDIUM,HIGH,ATB 2024 Moderate (VOM) + Kumar 2012 (startup cost & fuel) + Siemens via CCJ (start time),ATB 2024 v3 / Kumar 2012 / EIA AEO 2026 EMM,H-class beginnings. ATB 2024 H-Frame 2x1 row 262. EIA AEO 2026 single-shaft 1x1x1 = $3.49/MWh. Siemens SGT5-8000H 35 MW/min startup gradient.
CC,2020+,False,1.95,,3.49,2022,79.0,46.0,101.0,55.0,32.0,93.0,35.0,28.0,56.0,2011,0.24,0.2,0.19,2.0,2.0,0.3,1.0,3.0,5.0,MEDIUM,LOW,HIGH,LOW,LOW,HIGH,ATB 2024 Moderate (VOM) + Kumar 2012 (startup cost & fuel) + Siemens via CCJ (start time),ATB 2024 v3 / Kumar 2012 / EIA AEO 2026 EMM,ATB 2024 Advanced scenario as proxy. Kumar predates fleet-scale H-class. Vendor specs for H-class fast-start. Validation pending CEMS data.
GT,<2000,False,0.57,0.57,,2011,103.0,31.0,118.0,126.0,26.0,145.0,32.0,22.0,47.0,2011,0.22,0.19,0.18,1.5,1.5,0.5,1.25,2.0,6.0,MEDIUM,MEDIUM,HIGH,LOW,LOW,LOW,"ATB 2024 NG F-Frame CT (VOM, ramp) + Kumar 2012 group 5 (startup cost & fuel)",ATB 2024 v3 / Kumar 2012 / EIA AEO 2026 EMM,Pre-2000 large-frame F-class peakers. Kumar values across vintages. Slower ramp than newer.
GT,2000-2010,False,6.94,0.57,4.17,2022,103.0,31.0,118.0,126.0,26.0,145.0,32.0,22.0,47.0,2011,0.22,0.19,0.18,1.0,1.0,0.4,0.95,1.5,8.0,HIGH,HIGH,HIGH,LOW,LOW,HIGH,"ATB 2024 NG F-Frame CT (VOM, ramp) + Kumar 2012 group 5 (startup cost & fuel)",ATB 2024 v3 / Kumar 2012 / EIA AEO 2026 EMM,Centroid era for large-frame peakers. ATB 2024 NG F-Frame CT row 256. EIA AEO 2026 industrial frame = $4.17/MWh. Kumar exec-7: warm C&M > cold (every start essentially cold for CT).
GT,2010-2020,False,6.94,,4.17,2022,103.0,31.0,118.0,126.0,26.0,145.0,32.0,22.0,47.0,2011,0.22,0.19,0.18,0.75,0.75,0.25,0.625,1.0,10.0,HIGH,MEDIUM,HIGH,LOW,MEDIUM,MEDIUM,"ATB 2024 NG F-Frame CT (VOM, ramp) + Kumar 2012 group 5 (startup cost & fuel)",ATB 2024 v3 / Kumar 2012 / EIA AEO 2026 EMM,ATB 2024 Advanced may apply. Some H-class GT in this era (rare). Faster cycling capability.
GT,2020+,False,5.5,,4.17,2022,103.0,31.0,118.0,126.0,26.0,145.0,32.0,22.0,47.0,2011,0.22,0.19,0.18,0.5,0.5,0.15,0.325,0.5,15.0,MEDIUM,LOW,HIGH,LOW,LOW,MEDIUM,"ATB 2024 NG F-Frame CT (VOM, ramp) + Kumar 2012 group 5 (startup cost & fuel)",ATB 2024 v3 / Kumar 2012 / EIA AEO 2026 EMM,ATB 2024 Advanced proxy. Modern H-class GT designed for spinning-reserve. Fastest cycling thermal asset class.
GT,<2000,True,0.66,0.66,,2011,32.0,12.0,61.0,24.0,12.0,61.0,19.0,12.0,61.0,2011,1.53,1.53,1.53,0.5,0.5,0.2,0.35,0.5,10.0,MEDIUM,MEDIUM,HIGH,LOW,MEDIUM,MEDIUM,"EIA AEO 2026 EMM aero-derivative (VOM) + Kumar 2012 group 6 (startup) + GE Vernova LM6000/LMS100 (start time, ramp)",EIA AEO 2026 / Kumar 2012 / GE Vernova vendor,Early aero-derivatives (LM6000 commercialized 1990s). Kumar group 6 values. LM6000 vendor: 10 min hot start standard.
GT,2000-2010,True,5.97,0.66,,2025,32.0,12.0,61.0,24.0,12.0,61.0,19.0,12.0,61.0,2011,1.53,1.53,1.53,0.5,0.5,0.17,0.335,0.5,10.0,HIGH,HIGH,HIGH,LOW,MEDIUM,MEDIUM,"EIA AEO 2026 EMM aero-derivative (VOM) + Kumar 2012 group 6 (startup) + GE Vernova LM6000/LMS100 (start time, ramp)",EIA AEO 2026 / Kumar 2012 / GE Vernova vendor,"Centroid era. EIA AEO 2026 aero-derivative = $5.97/MWh canonical (ATB does not differentiate aero in NG_FE tab). LM6000 PC/PD/PF: 10 min std, 5 min Fast Start. LMS100 commercialized mid-2000s: 8 min to full load."
GT,2010-2020,True,5.97,,,2025,32.0,12.0,61.0,24.0,12.0,61.0,19.0,12.0,61.0,2011,1.53,1.53,1.53,0.5,0.5,0.13,0.265,0.4,15.0,MEDIUM,MEDIUM,HIGH,LOW,MEDIUM,MEDIUM,"EIA AEO 2026 EMM aero-derivative (VOM) + Kumar 2012 group 6 (startup) + GE Vernova LM6000/LMS100 (start time, ramp)",EIA AEO 2026 / Kumar 2012 / GE Vernova vendor,"EIA AEO aero canonical. LMS100, Trent 60 dominant. Faster ramp than large-frame."
GT,2020+,True,5.97,,,2025,32.0,12.0,61.0,24.0,12.0,61.0,19.0,12.0,61.0,2011,1.53,1.53,1.53,0.3,0.3,0.1,0.2,0.3,20.0,MEDIUM,LOW,HIGH,LOW,LOW,MEDIUM,"EIA AEO 2026 EMM aero-derivative (VOM) + Kumar 2012 group 6 (startup) + GE Vernova LM6000/LMS100 (start time, ramp)",EIA AEO 2026 / Kumar 2012 / GE Vernova vendor,"Modern aero (Solar Mars, Trent 60 latest). Vendor specs only. Validation pending CEMS data."
